owner,team_proj
"Alt",71.43889
"Becker",95.63187
"Brusda",108.296
"Buchta",111.5827
"Deising",87.67062
"Dizz",87.55389
"Hanson",99.91239
"Mikey",97.77586
"Nate",101.3887
"Ryne",98.65915
"Sean",103.0175
"Steve",66.69376
